<?xml version="1.0" encoding="utf-8"?><asx:abap version="1.0" xmlns:asx="http://www.sap.com/abapxml"><asx:values><HEADER_DATA><item><KEY>UsageSysOperatingSsystem</KEY><VALUE>Linux</VALUE></item><item><KEY>UsageSysDatabaseSysType</KEY><VALUE>HDB</VALUE></item><item><KEY>UsageSysDatabaseSysName</KEY><VALUE>DF1</VALUE></item><item><KEY>UsageSysKernelRelease</KEY><VALUE>754</VALUE></item><item><KEY>UsageSysOPSystemRelease</KEY><VALUE>5.3.18-150300.59.63-default</VALUE></item><item><KEY>UsageSystemUnicode</KEY><VALUE>Y</VALUE></item><item><KEY>UsageSystemInstallationNum</KEY><VALUE>0020270862</VALUE></item></HEADER_DATA><PRODUCT_VERSION><INSTSWPROD><ID>01200615320900001296</ID><NAME>SAP ERP</NAME><VERSION>2005</VERSION><VENDOR>sap.com</VENDOR><DESCRIPT>SAP ERP 6.0</DESCRIPT></INSTSWPROD><INSTSWPROD><ID>67838200100900006474</ID><NAME>SLT</NAME><VERSION>2.0</VERSION><VENDOR>sap.com</VENDOR><DESCRIPT>SAP LT REPLICATION SERVER 2.0</DESCRIPT></INSTSWPROD><INSTSWPROD><ID>73554900100900000414</ID><NAME>SAP NETWEAVER</NAME><VERSION>7.5</VERSION><VENDOR>sap.com</VENDOR><DESCRIPT>SAP NETWEAVER 7.5</DESCRIPT></INSTSWPROD><INSTSWPROD><ID>73555000100900000247</ID><NAME>EHP8 FOR SAP ERP 6.0</NAME><VERSION>EHP8 FOR SAP ERP 6.0</VERSION><VENDOR>sap.com</VENDOR><DESCRIPT>EHP8 FOR SAP ERP 6.0</DESCRIPT></INSTSWPROD></PRODUCT_VERSION><SW_COMPONENT><item><COMPONENT>SAP_BASIS</COMPONENT><RELEASE>750</RELEASE><EXTRELEASE>0030</EXTRELEASE></item><item><COMPONENT>SAP_ABA</COMPONENT><RELEASE>750</RELEASE><EXTRELEASE>0030</EXTRELEASE></item><item><COMPONENT>SAP_GWFND</COMPONENT><RELEASE>750</RELEASE><EXTRELEASE>0030</EXTRELEASE></item><item><COMPONENT>SAP_UI</COMPONENT><RELEASE>754</RELEASE><EXTRELEASE>0015</EXTRELEASE></item><item><COMPONENT>ST-PI</COMPONENT><RELEASE>740</RELEASE><EXTRELEASE>0028</EXTRELEASE></item><item><COMPONENT>SAP_BW</COMPONENT><RELEASE>750</RELEASE><EXTRELEASE>0030</EXTRELEASE></item><item><COMPONENT>MDG_FND</COMPONENT><RELEASE>749</RELEASE><EXTRELEASE>0023</EXTRELEASE></item><item><COMPONENT>SAP_AP</COMPONENT><RELEASE>750</RELEASE><EXTRELEASE>0020</EXTRELEASE></item><item><COMPONENT>SAP_BS_FND</COMPONENT><RELEASE>748</RELEASE><EXTRELEASE>0022</EXTRELEASE></item><item><COMPONENT>WEBCUIF</COMPONENT><RELEASE>748</RELEASE><EXTRELEASE>0022</EXTRELEASE></item><item><COMPONENT>EA-IPPE</COMPONENT><RELEASE>618</RELEASE><EXTRELEASE>0009</EXTRELEASE></item><item><COMPONENT>MDG_APPL</COMPONENT><RELEASE>619</RELEASE><EXTRELEASE>0023</EXTRELEASE></item><item><COMPONENT>MDG_MDC</COMPONENT><RELEASE>100</RELEASE><EXTRELEASE>0023</EXTRELEASE></item><item><COMPONENT>MDG_UX</COMPONENT><RELEASE>619</RELEASE><EXTRELEASE>0023</EXTRELEASE></item><item><COMPONENT>SAP_APPL</COMPONENT><RELEASE>618</RELEASE><EXTRELEASE>0022</EXTRELEASE></item><item><COMPONENT>SAP_FIN</COMPONENT><RELEASE>618</RELEASE><EXTRELEASE>0022</EXTRELEASE></item><item><COMPONENT>SAP_HR</COMPONENT><RELEASE>608</RELEASE><EXTRELEASE>0131</EXTRELEASE></item><item><COMPONENT>SAP_HRCAE</COMPONENT><RELEASE>608</RELEASE><EXTRELEASE>0131</EXTRELEASE></item><item><COMPONENT>SAP_HRCAR</COMPONENT><RELEASE>608</RELEASE><EXTRELEASE>0131</EXTRELEASE></item><item><COMPONENT>SAP_HRCAT</COMPONENT><RELEASE>608</RELEASE><EXTRELEASE>0131</EXTRELEASE></item><item><COMPONENT>SAP_HRCAU</COMPONENT><RELEASE>608</RELEASE><EXTRELEASE>0131</EXTRELEASE></item><item><COMPONENT>SAP_HRCBE</COMPONENT><RELEASE>608</RELEASE><EXTRELEASE>0131</EXTRELEASE></item><item><COMPONENT>SAP_HRCBG</COMPONENT><RELEASE>608</RELEASE><EXTRELEASE>0131</EXTRELEASE></item><item><COMPONENT>SAP_HRCBR</COMPONENT><RELEASE>608</RELEASE><EXTRELEASE>0131</EXTRELEASE></item><item><COMPONENT>SAP_HRCCA</COMPONENT><RELEASE>608</RELEASE><EXTRELEASE>0131</EXTRELEASE></item><item><COMPONENT>SAP_HRCCH</COMPONENT><RELEASE>608</RELEASE><EXTRELEASE>0131</EXTRELEASE></item><item><COMPONENT>SAP_HRCCL</COMPONENT><RELEASE>608</RELEASE><EXTRELEASE>0131</EXTRELEASE></item><item><COMPONENT>SAP_HRCCN</COMPONENT><RELEASE>608</RELEASE><EXTRELEASE>0131</EXTRELEASE></item><item><COMPONENT>SAP_HRCCO</COMPONENT><RELEASE>608</RELEASE><EXTRELEASE>0131</EXTRELEASE></item><item><COMPONENT>SAP_HRCCZ</COMPONENT><RELEASE>608</RELEASE><EXTRELEASE>0131</EXTRELEASE></item><item><COMPONENT>SAP_HRCDE</COMPONENT><RELEASE>608</RELEASE><EXTRELEASE>0131</EXTRELEASE></item><item><COMPONENT>SAP_HRCDK</COMPONENT><RELEASE>608</RELEASE><EXTRELEASE>0131</EXTRELEASE></item><item><COMPONENT>SAP_HRCEG</COMPONENT><RELEASE>608</RELEASE><EXTRELEASE>0131</EXTRELEASE></item><item><COMPONENT>SAP_HRCES</COMPONENT><RELEASE>608</RELEASE><EXTRELEASE>0131</EXTRELEASE></item><item><COMPONENT>SAP_HRCFI</COMPONENT><RELEASE>608</RELEASE><EXTRELEASE>0131</EXTRELEASE></item><item><COMPONENT>SAP_HRCFR</COMPONENT><RELEASE>608</RELEASE><EXTRELEASE>0131</EXTRELEASE></item><item><COMPONENT>SAP_HRCGB</COMPONENT><RELEASE>608</RELEASE><EXTRELEASE>0131</EXTRELEASE></item><item><COMPONENT>SAP_HRCGR</COMPONENT><RELEASE>608</RELEASE><EXTRELEASE>0131</EXTRELEASE></item><item><COMPONENT>SAP_HRCHK</COMPONENT><RELEASE>608</RELEASE><EXTRELEASE>0131</EXTRELEASE></item><item><COMPONENT>SAP_HRCHR</COMPONENT><RELEASE>608</RELEASE><EXTRELEASE>0131</EXTRELEASE></item><item><COMPONENT>SAP_HRCHU</COMPONENT><RELEASE>608</RELEASE><EXTRELEASE>0131</EXTRELEASE></item><item><COMPONENT>SAP_HRCID</COMPONENT><RELEASE>608</RELEASE><EXTRELEASE>0131</EXTRELEASE></item><item><COMPONENT>SAP_HRCIE</COMPONENT><RELEASE>608</RELEASE><EXTRELEASE>0131</EXTRELEASE></item><item><COMPONENT>SAP_HRCIN</COMPONENT><RELEASE>608</RELEASE><EXTRELEASE>0131</EXTRELEASE></item><item><COMPONENT>SAP_HRCIT</COMPONENT><RELEASE>608</RELEASE><EXTRELEASE>0131</EXTRELEASE></item><item><COMPONENT>SAP_HRCJP</COMPONENT><RELEASE>608</RELEASE><EXTRELEASE>0131</EXTRELEASE></item><item><COMPONENT>SAP_HRCKR</COMPONENT><RELEASE>608</RELEASE><EXTRELEASE>0131</EXTRELEASE></item><item><COMPONENT>SAP_HRCKW</COMPONENT><RELEASE>608</RELEASE><EXTRELEASE>0131</EXTRELEASE></item><item><COMPONENT>SAP_HRCKZ</COMPONENT><RELEASE>608</RELEASE><EXTRELEASE>0131</EXTRELEASE></item><item><COMPONENT>SAP_HRCMX</COMPONENT><RELEASE>608</RELEASE><EXTRELEASE>0131</EXTRELEASE></item><item><COMPONENT>SAP_HRCMY</COMPONENT><RELEASE>608</RELEASE><EXTRELEASE>0131</EXTRELEASE></item><item><COMPONENT>SAP_HRCNL</COMPONENT><RELEASE>608</RELEASE><EXTRELEASE>0131</EXTRELEASE></item><item><COMPONENT>SAP_HRCNO</COMPONENT><RELEASE>608</RELEASE><EXTRELEASE>0131</EXTRELEASE></item><item><COMPONENT>SAP_HRCNZ</COMPONENT><RELEASE>608</RELEASE><EXTRELEASE>0131</EXTRELEASE></item><item><COMPONENT>SAP_HRCOM</COMPONENT><RELEASE>608</RELEASE><EXTRELEASE>0131</EXTRELEASE></item><item><COMPONENT>SAP_HRCPH</COMPONENT><RELEASE>608</RELEASE><EXTRELEASE>0131</EXTRELEASE></item><item><COMPONENT>SAP_HRCPL</COMPONENT><RELEASE>608</RELEASE><EXTRELEASE>0131</EXTRELEASE></item><item><COMPONENT>SAP_HRCPT</COMPONENT><RELEASE>608</RELEASE><EXTRELEASE>0131</EXTRELEASE></item><item><COMPONENT>SAP_HRCQA</COMPONENT><RELEASE>608</RELEASE><EXTRELEASE>0131</EXTRELEASE></item><item><COMPONENT>SAP_HRCRO</COMPONENT><RELEASE>608</RELEASE><EXTRELEASE>0131</EXTRELEASE></item><item><COMPONENT>SAP_HRCRU</COMPONENT><RELEASE>608</RELEASE><EXTRELEASE>0131</EXTRELEASE></item><item><COMPONENT>SAP_HRCSA</COMPONENT><RELEASE>608</RELEASE><EXTRELEASE>0131</EXTRELEASE></item><item><COMPONENT>SAP_HRCSE</COMPONENT><RELEASE>608</RELEASE><EXTRELEASE>0131</EXTRELEASE></item><item><COMPONENT>SAP_HRCSG</COMPONENT><RELEASE>608</RELEASE><EXTRELEASE>0131</EXTRELEASE></item><item><COMPONENT>SAP_HRCSI</COMPONENT><RELEASE>608</RELEASE><EXTRELEASE>0131</EXTRELEASE></item><item><COMPONENT>SAP_HRCSK</COMPONENT><RELEASE>608</RELEASE><EXTRELEASE>0131</EXTRELEASE></item><item><COMPONENT>SAP_HRCTH</COMPONENT><RELEASE>608</RELEASE><EXTRELEASE>0131</EXTRELEASE></item><item><COMPONENT>SAP_HRCTR</COMPONENT><RELEASE>608</RELEASE><EXTRELEASE>0131</EXTRELEASE></item><item><COMPONENT>SAP_HRCTW</COMPONENT><RELEASE>608</RELEASE><EXTRELEASE>0131</EXTRELEASE></item><item><COMPONENT>SAP_HRCUA</COMPONENT><RELEASE>608</RELEASE><EXTRELEASE>0131</EXTRELEASE></item><item><COMPONENT>SAP_HRCUN</COMPONENT><RELEASE>608</RELEASE><EXTRELEASE>0131</EXTRELEASE></item><item><COMPONENT>SAP_HRCUS</COMPONENT><RELEASE>608</RELEASE><EXTRELEASE>0131</EXTRELEASE></item><item><COMPONENT>SAP_HRCVE</COMPONENT><RELEASE>608</RELEASE><EXTRELEASE>0131</EXTRELEASE></item><item><COMPONENT>SAP_HRCZA</COMPONENT><RELEASE>608</RELEASE><EXTRELEASE>0131</EXTRELEASE></item><item><COMPONENT>SAP_HRGXX</COMPONENT><RELEASE>608</RELEASE><EXTRELEASE>0131</EXTRELEASE></item><item><COMPONENT>SAP_HRRXX</COMPONENT><RELEASE>608</RELEASE><EXTRELEASE>0131</EXTRELEASE></item><item><COMPONENT>EA-DFPS</COMPONENT><RELEASE>618</RELEASE><EXTRELEASE>0022</EXTRELEASE></item><item><COMPONENT>EA-FINSERV</COMPONENT><RELEASE>618</RELEASE><EXTRELEASE>0022</EXTRELEASE></item><item><COMPONENT>EA-GLTRADE</COMPONENT><RELEASE>618</RELEASE><EXTRELEASE>0022</EXTRELEASE></item><item><COMPONENT>EA-HR</COMPONENT><RELEASE>608</RELEASE><EXTRELEASE>0131</EXTRELEASE></item><item><COMPONENT>EA-HRCAE</COMPONENT><RELEASE>608</RELEASE><EXTRELEASE>0131</EXTRELEASE></item><item><COMPONENT>EA-HRCAR</COMPONENT><RELEASE>608</RELEASE><EXTRELEASE>0131</EXTRELEASE></item><item><COMPONENT>EA-HRCAT</COMPONENT><RELEASE>608</RELEASE><EXTRELEASE>0131</EXTRELEASE></item><item><COMPONENT>EA-HRCAU</COMPONENT><RELEASE>608</RELEASE><EXTRELEASE>0131</EXTRELEASE></item><item><COMPONENT>EA-HRCBE</COMPONENT><RELEASE>608</RELEASE><EXTRELEASE>0131</EXTRELEASE></item><item><COMPONENT>EA-HRCBG</COMPONENT><RELEASE>608</RELEASE><EXTRELEASE>0131</EXTRELEASE></item><item><COMPONENT>EA-HRCBR</COMPONENT><RELEASE>608</RELEASE><EXTRELEASE>0131</EXTRELEASE></item><item><COMPONENT>EA-HRCCA</COMPONENT><RELEASE>608</RELEASE><EXTRELEASE>0131</EXTRELEASE></item><item><COMPONENT>EA-HRCCH</COMPONENT><RELEASE>608</RELEASE><EXTRELEASE>0131</EXTRELEASE></item><item><COMPONENT>EA-HRCCL</COMPONENT><RELEASE>608</RELEASE><EXTRELEASE>0131</EXTRELEASE></item><item><COMPONENT>EA-HRCCN</COMPONENT><RELEASE>608</RELEASE><EXTRELEASE>0131</EXTRELEASE></item><item><COMPONENT>EA-HRCCO</COMPONENT><RELEASE>608</RELEASE><EXTRELEASE>0131</EXTRELEASE></item><item><COMPONENT>EA-HRCCZ</COMPONENT><RELEASE>608</RELEASE><EXTRELEASE>0131</EXTRELEASE></item><item><COMPONENT>EA-HRCDE</COMPONENT><RELEASE>608</RELEASE><EXTRELEASE>0131</EXTRELEASE></item><item><COMPONENT>EA-HRCDK</COMPONENT><RELEASE>608</RELEASE><EXTRELEASE>0131</EXTRELEASE></item><item><COMPONENT>EA-HRCEG</COMPONENT><RELEASE>608</RELEASE><EXTRELEASE>0131</EXTRELEASE></item><item><COMPONENT>EA-HRCES</COMPONENT><RELEASE>608</RELEASE><EXTRELEASE>0131</EXTRELEASE></item><item><COMPONENT>EA-HRCFI</COMPONENT><RELEASE>608</RELEASE><EXTRELEASE>0131</EXTRELEASE></item><item><COMPONENT>EA-HRCFR</COMPONENT><RELEASE>608</RELEASE><EXTRELEASE>0131</EXTRELEASE></item><item><COMPONENT>EA-HRCGB</COMPONENT><RELEASE>608</RELEASE><EXTRELEASE>0131</EXTRELEASE></item><item><COMPONENT>EA-HRCGR</COMPONENT><RELEASE>608</RELEASE><EXTRELEASE>0131</EXTRELEASE></item><item><COMPONENT>EA-HRCHK</COMPONENT><RELEASE>608</RELEASE><EXTRELEASE>0131</EXTRELEASE></item><item><COMPONENT>EA-HRCHR</COMPONENT><RELEASE>608</RELEASE><EXTRELEASE>0131</EXTRELEASE></item><item><COMPONENT>EA-HRCHU</COMPONENT><RELEASE>608</RELEASE><EXTRELEASE>0131</EXTRELEASE></item><item><COMPONENT>EA-HRCID</COMPONENT><RELEASE>608</RELEASE><EXTRELEASE>0131</EXTRELEASE></item><item><COMPONENT>EA-HRCIE</COMPONENT><RELEASE>608</RELEASE><EXTRELEASE>0131</EXTRELEASE></item><item><COMPONENT>EA-HRCIN</COMPONENT><RELEASE>608</RELEASE><EXTRELEASE>0131</EXTRELEASE></item><item><COMPONENT>EA-HRCIT</COMPONENT><RELEASE>608</RELEASE><EXTRELEASE>0131</EXTRELEASE></item><item><COMPONENT>EA-HRCJP</COMPONENT><RELEASE>608</RELEASE><EXTRELEASE>0131</EXTRELEASE></item><item><COMPONENT>EA-HRCKR</COMPONENT><RELEASE>608</RELEASE><EXTRELEASE>0131</EXTRELEASE></item><item><COMPONENT>EA-HRCKW</COMPONENT><RELEASE>608</RELEASE><EXTRELEASE>0131</EXTRELEASE></item><item><COMPONENT>EA-HRCKZ</COMPONENT><RELEASE>608</RELEASE><EXTRELEASE>0131</EXTRELEASE></item><item><COMPONENT>EA-HRCMX</COMPONENT><RELEASE>608</RELEASE><EXTRELEASE>0131</EXTRELEASE></item><item><COMPONENT>EA-HRCMY</COMPONENT><RELEASE>608</RELEASE><EXTRELEASE>0131</EXTRELEASE></item><item><COMPONENT>EA-HRCNL</COMPONENT><RELEASE>608</RELEASE><EXTRELEASE>0131</EXTRELEASE></item><item><COMPONENT>EA-HRCNO</COMPONENT><RELEASE>608</RELEASE><EXTRELEASE>0131</EXTRELEASE></item><item><COMPONENT>EA-HRCNZ</COMPONENT><RELEASE>608</RELEASE><EXTRELEASE>0131</EXTRELEASE></item><item><COMPONENT>EA-HRCOM</COMPONENT><RELEASE>608</RELEASE><EXTRELEASE>0131</EXTRELEASE></item><item><COMPONENT>EA-HRCPH</COMPONENT><RELEASE>608</RELEASE><EXTRELEASE>0131</EXTRELEASE></item><item><COMPONENT>EA-HRCPL</COMPONENT><RELEASE>608</RELEASE><EXTRELEASE>0131</EXTRELEASE></item><item><COMPONENT>EA-HRCPT</COMPONENT><RELEASE>608</RELEASE><EXTRELEASE>0131</EXTRELEASE></item><item><COMPONENT>EA-HRCQA</COMPONENT><RELEASE>608</RELEASE><EXTRELEASE>0131</EXTRELEASE></item><item><COMPONENT>EA-HRCRO</COMPONENT><RELEASE>608</RELEASE><EXTRELEASE>0131</EXTRELEASE></item><item><COMPONENT>EA-HRCRU</COMPONENT><RELEASE>608</RELEASE><EXTRELEASE>0131</EXTRELEASE></item><item><COMPONENT>EA-HRCSA</COMPONENT><RELEASE>608</RELEASE><EXTRELEASE>0131</EXTRELEASE></item><item><COMPONENT>EA-HRCSE</COMPONENT><RELEASE>608</RELEASE><EXTRELEASE>0131</EXTRELEASE></item><item><COMPONENT>EA-HRCSG</COMPONENT><RELEASE>608</RELEASE><EXTRELEASE>0131</EXTRELEASE></item><item><COMPONENT>EA-HRCSI</COMPONENT><RELEASE>608</RELEASE><EXTRELEASE>0131</EXTRELEASE></item><item><COMPONENT>EA-HRCSK</COMPONENT><RELEASE>608</RELEASE><EXTRELEASE>0131</EXTRELEASE></item><item><COMPONENT>EA-HRCTH</COMPONENT><RELEASE>608</RELEASE><EXTRELEASE>0131</EXTRELEASE></item><item><COMPONENT>EA-HRCTR</COMPONENT><RELEASE>608</RELEASE><EXTRELEASE>0131</EXTRELEASE></item><item><COMPONENT>EA-HRCTW</COMPONENT><RELEASE>608</RELEASE><EXTRELEASE>0131</EXTRELEASE></item><item><COMPONENT>EA-HRCUA</COMPONENT><RELEASE>608</RELEASE><EXTRELEASE>0131</EXTRELEASE></item><item><COMPONENT>EA-HRCUN</COMPONENT><RELEASE>608</RELEASE><EXTRELEASE>0131</EXTRELEASE></item><item><COMPONENT>EA-HRCUS</COMPONENT><RELEASE>608</RELEASE><EXTRELEASE>0131</EXTRELEASE></item><item><COMPONENT>EA-HRCVE</COMPONENT><RELEASE>608</RELEASE><EXTRELEASE>0131</EXTRELEASE></item><item><COMPONENT>EA-HRCZA</COMPONENT><RELEASE>608</RELEASE><EXTRELEASE>0131</EXTRELEASE></item><item><COMPONENT>EA-HRGXX</COMPONENT><RELEASE>608</RELEASE><EXTRELEASE>0131</EXTRELEASE></item><item><COMPONENT>EA-HRRXX</COMPONENT><RELEASE>608</RELEASE><EXTRELEASE>0131</EXTRELEASE></item><item><COMPONENT>EA-PS</COMPONENT><RELEASE>618</RELEASE><EXTRELEASE>0022</EXTRELEASE></item><item><COMPONENT>EA-RETAIL</COMPONENT><RELEASE>618</RELEASE><EXTRELEASE>0022</EXTRELEASE></item><item><COMPONENT>FINBASIS</COMPONENT><RELEASE>748</RELEASE><EXTRELEASE>0022</EXTRELEASE></item><item><COMPONENT>FSCM_CCD</COMPONENT><RELEASE>618</RELEASE><EXTRELEASE>0022</EXTRELEASE></item><item><COMPONENT>CODERINT</COMPONENT><RELEASE>600</RELEASE><EXTRELEASE>0003</EXTRELEASE></item><item><COMPONENT>DMIS</COMPONENT><RELEASE>2011_1_731</RELEASE><EXTRELEASE>0027</EXTRELEASE></item><item><COMPONENT>ECC-DIMP</COMPONENT><RELEASE>618</RELEASE><EXTRELEASE>0001</EXTRELEASE></item><item><COMPONENT>ECC-SE</COMPONENT><RELEASE>605</RELEASE><EXTRELEASE>0023</EXTRELEASE></item><item><COMPONENT>ERECRUIT</COMPONENT><RELEASE>617</RELEASE><EXTRELEASE>0026</EXTRELEASE></item><item><COMPONENT>FI-CA</COMPONENT><RELEASE>618</RELEASE><EXTRELEASE>0001</EXTRELEASE></item><item><COMPONENT>FI-CAX</COMPONENT><RELEASE>618</RELEASE><EXTRELEASE>0001</EXTRELEASE></item><item><COMPONENT>INSURANCE</COMPONENT><RELEASE>618</RELEASE><EXTRELEASE>0001</EXTRELEASE></item><item><COMPONENT>IS-CWM</COMPONENT><RELEASE>618</RELEASE><EXTRELEASE>0001</EXTRELEASE></item><item><COMPONENT>IS-H</COMPONENT><RELEASE>618</RELEASE><EXTRELEASE>0001</EXTRELEASE></item><item><COMPONENT>IS-M</COMPONENT><RELEASE>618</RELEASE><EXTRELEASE>0001</EXTRELEASE></item><item><COMPONENT>IS-OIL</COMPONENT><RELEASE>618</RELEASE><EXTRELEASE>0001</EXTRELEASE></item><item><COMPONENT>IS-PRA</COMPONENT><RELEASE>618</RELEASE><EXTRELEASE>0022</EXTRELEASE></item><item><COMPONENT>IS-PS-CA</COMPONENT><RELEASE>618</RELEASE><EXTRELEASE>0001</EXTRELEASE></item><item><COMPONENT>IS-UT</COMPONENT><RELEASE>618</RELEASE><EXTRELEASE>0001</EXTRELEASE></item><item><COMPONENT>LSOFE</COMPONENT><RELEASE>617</RELEASE><EXTRELEASE>0025</EXTRELEASE></item><item><COMPONENT>PLMWUI</COMPONENT><RELEASE>748</RELEASE><EXTRELEASE>0022</EXTRELEASE></item><item><COMPONENT>SEM-BW</COMPONENT><RELEASE>748</RELEASE><EXTRELEASE>0022</EXTRELEASE></item><item><COMPONENT>SLL_PI</COMPONENT><RELEASE>900_604</RELEASE><EXTRELEASE>0012</EXTRELEASE></item><item><COMPONENT>ST-A/PI</COMPONENT><RELEASE>01W_731</RELEASE><EXTRELEASE>0000</EXTRELEASE></item></SW_COMPONENT><IMPLEMENTED_NOTE><item><NUMBER>0000673290</NUMBER><VERSION>0013</VERSION><ATTRIBUTES><THEMK>PP-SFC-CPL</THEMK><INSTA/><MNUMM/><MYEAR>0000</MYEAR></ATTRIBUTES><TEXT>Setting the deletion flag: Performance problems</TEXT></item><item><NUMBER>0000677630</NUMBER><VERSION>0035</VERSION><ATTRIBUTES><THEMK>FI-GL</THEMK><INSTA/><MNUMM/><MYEAR>0000</MYEAR></ATTRIBUTES><TEXT>Correcting functional areas in FI documents</TEXT></item><item><NUMBER>0001239256</NUMBER><VERSION>0011</VERSION><ATTRIBUTES><THEMK>PP-SFC-PLN</THEMK><INSTA/><MNUMM/><MYEAR>0000</MYEAR></ATTRIBUTES><TEXT>Planned order conversion: Performance</TEXT></item><item><NUMBER>0001411343</NUMBER><VERSION>0013</VERSION><ATTRIBUTES><THEMK>PP-SFC-CPL</THEMK><INSTA/><MNUMM/><MYEAR>0000</MYEAR></ATTRIBUTES><TEXT>Setting the deletion flag: Performance problems</TEXT></item><item><NUMBER>0001529380</NUMBER><VERSION>0011</VERSION><ATTRIBUTES><THEMK>PP-SFC-PLN-HEA</THEMK><INSTA/><MNUMM/><MYEAR>0000</MYEAR></ATTRIBUTES><TEXT>PPBICO40/PPBICOR8: Planned order conversion fails</TEXT></item><item><NUMBER>0001633667</NUMBER><VERSION>0011</VERSION><ATTRIBUTES><THEMK>PP-MRP</THEMK><INSTA/><MNUMM/><MYEAR>0000</MYEAR></ATTRIBUTES><TEXT>MD50: Performance during selection of purchasing documents</TEXT></item><item><NUMBER>0001668882</NUMBER><VERSION>0037</VERSION><ATTRIBUTES><THEMK>BC-UPG-NA</THEMK><INSTA/><MNUMM/><MYEAR>0000</MYEAR></ATTRIBUTES><TEXT>Note Assistant: Important notes for SAP_BASIS 730,731,740,750,751,752,753,754,75</TEXT></item><item><NUMBER>0001787166</NUMBER><VERSION>0009</VERSION><ATTRIBUTES><THEMK>XX-SER-REL</THEMK><INSTA/><MNUMM/><MYEAR>0000</MYEAR></ATTRIBUTES><TEXT>Collective note for pool/cluster related adaptions</TEXT></item><item><NUMBER>0002216176</NUMBER><VERSION>0034</VERSION><ATTRIBUTES><THEMK>LO-MD-BP</THEMK><INSTA/><MNUMM/><MYEAR>0000</MYEAR></ATTRIBUTES><TEXT>Obsolete :Precheck report from business partner</TEXT></item><item><NUMBER>0002323185</NUMBER><VERSION>0014</VERSION><ATTRIBUTES><THEMK>LO-MD-MM</THEMK><INSTA/><MNUMM/><MYEAR>0000</MYEAR></ATTRIBUTES><TEXT>S/4: migration report for T130F</TEXT></item><item><NUMBER>0002424539</NUMBER><VERSION>0007</VERSION><ATTRIBUTES><THEMK>BC-UPG-NA</THEMK><INSTA/><MNUMM/><MYEAR>0000</MYEAR></ATTRIBUTES><TEXT>SAP Note Assistant: Test Note for Digital Signature Verification of SAP Note</TEXT></item><item><NUMBER>0002455870</NUMBER><VERSION>0009</VERSION><ATTRIBUTES><THEMK>IS-M-MD</THEMK><INSTA/><MNUMM/><MYEAR>0000</MYEAR></ATTRIBUTES><TEXT>S4TC transfer after S/4HANA simplification item check in the Media industry solu</TEXT></item><item><NUMBER>0002456502</NUMBER><VERSION>0006</VERSION><ATTRIBUTES><THEMK>IS-U-MD-BP</THEMK><INSTA/><MNUMM/><MYEAR>0000</MYEAR></ATTRIBUTES><TEXT>S4TC IS-UT Master Check for S/4 System Conversion Checks (New Simplification Ite</TEXT></item><item><NUMBER>0002468295</NUMBER><VERSION>0003</VERSION><ATTRIBUTES><THEMK>TM-FWS</THEMK><INSTA/><MNUMM/><MYEAR>0000</MYEAR></ATTRIBUTES><TEXT>SS4TC Correction for 2503309: simplification item check for S4 TM Integration</TEXT></item><item><NUMBER>0002477318</NUMBER><VERSION>0005</VERSION><ATTRIBUTES><THEMK>CA-MDG-CMP-MM</THEMK><INSTA/><MNUMM/><MYEAR>0000</MYEAR></ATTRIBUTES><TEXT>S4TC MDG_APPL Master Data Governance check for S/4 upgrade</TEXT></item><item><NUMBER>0002481172</NUMBER><VERSION>0004</VERSION><ATTRIBUTES><THEMK>IS-OIL-DS-HPM</THEMK><INSTA/><MNUMM/><MYEAR>0000</MYEAR></ATTRIBUTES><TEXT>S4TC IS-OIL Master Check for S/4 System Conversion Checks (New Simplification It</TEXT></item><item><NUMBER>0002482812</NUMBER><VERSION>0007</VERSION><ATTRIBUTES><THEMK>PSM-FM</THEMK><INSTA/><MNUMM/><MYEAR>0000</MYEAR></ATTRIBUTES><TEXT>S4TC EA-PS Migration to the new pre-check framework</TEXT></item><item><NUMBER>0002502552</NUMBER><VERSION>0110</VERSION><ATTRIBUTES><THEMK>CA-TRS-PRCK</THEMK><INSTA/><MNUMM/><MYEAR>0000</MYEAR></ATTRIBUTES><TEXT>S4TC - SAP S/4HANA Conversion &amp; Upgrade new Simplification Item Checks</TEXT></item><item><NUMBER>0002503309</NUMBER><VERSION>0002</VERSION><ATTRIBUTES><THEMK>CA-TRS-PRCK</THEMK><INSTA/><MNUMM/><MYEAR>0000</MYEAR></ATTRIBUTES><TEXT>S4SI-Check - S/4HANA 1709 Conversion &amp; Upgrade - TCI Note #2</TEXT></item><item><NUMBER>0002538018</NUMBER><VERSION>0004</VERSION><ATTRIBUTES><THEMK>CA-TRS-PRCK</THEMK><INSTA/><MNUMM/><MYEAR>0000</MYEAR></ATTRIBUTES><TEXT>S4TC - S/4HANA 1709 Conversion &amp; Upgrade - TCI Note #3</TEXT></item><item><NUMBER>0002572185</NUMBER><VERSION>0005</VERSION><ATTRIBUTES><THEMK>IS-OIL-DS</THEMK><INSTA/><MNUMM/><MYEAR>0000</MYEAR></ATTRIBUTES><TEXT>IS-OIL Prechecks for iTSW on S/4HANA 1709</TEXT></item><item><NUMBER>0002617167</NUMBER><VERSION>0003</VERSION><ATTRIBUTES><THEMK>CA-TRS-PRCK</THEMK><INSTA/><MNUMM/><MYEAR>0000</MYEAR></ATTRIBUTES><TEXT>S4TC - SAP S/4HANA 1809 SP00 Conversion &amp; Upgrade - TCI Note #5</TEXT></item><item><NUMBER>0002666009</NUMBER><VERSION>0001</VERSION><ATTRIBUTES><THEMK>IS-A-VMS</THEMK><INSTA/><MNUMM/><MYEAR>0000</MYEAR></ATTRIBUTES><TEXT>VELO: ATC check error for object CLS4SIC_A_VMS_TREX</TEXT></item><item><NUMBER>0002678379</NUMBER><VERSION>0002</VERSION><ATTRIBUTES><THEMK>IS-ADEC-MPN</THEMK><INSTA/><MNUMM/><MYEAR>0000</MYEAR></ATTRIBUTES><TEXT>Manufacturer part number suffixed with delimiter when lexicographical flag is sw</TEXT></item><item><NUMBER>0002708143</NUMBER><VERSION>0005</VERSION><ATTRIBUTES><THEMK>CA-TRS-PRCK</THEMK><INSTA/><MNUMM/><MYEAR>0000</MYEAR></ATTRIBUTES><TEXT>SAP S/4HANA 1809 SP01 Conversion &amp; Upgrade - TCI Note #6</TEXT></item><item><NUMBER>0002722271</NUMBER><VERSION>0002</VERSION><ATTRIBUTES><THEMK>IS-A</THEMK><INSTA/><MNUMM/><MYEAR>0000</MYEAR></ATTRIBUTES><TEXT>SI check performance issue</TEXT></item><item><NUMBER>0002741379</NUMBER><VERSION>0001</VERSION><ATTRIBUTES><THEMK>CA-TRS-PRCK</THEMK><INSTA/><MNUMM/><MYEAR>0000</MYEAR></ATTRIBUTES><TEXT>SAP S/4HANA 1809 SP* Conversion &amp; Upgrade - TCI Note #7</TEXT></item><item><NUMBER>0002745851</NUMBER><VERSION>0075</VERSION><ATTRIBUTES><THEMK>SV-SMG-MON-BPM-ANA</THEMK><INSTA/><MNUMM/><MYEAR>0000</MYEAR></ATTRIBUTES><TEXT>Business Process Improvement Content for "SAP Readiness Check 2.0" / "SAP Signav</TEXT></item><item><NUMBER>0002749536</NUMBER><VERSION>0002</VERSION><ATTRIBUTES><THEMK>CA-FLE-MAT-CNV</THEMK><INSTA/><MNUMM/><MYEAR>0000</MYEAR></ATTRIBUTES><TEXT> S4TC Correction for 0002708143 : MFLE Precheck corrections</TEXT></item><item><NUMBER>0002758146</NUMBER><VERSION>0122</VERSION><ATTRIBUTES><THEMK>SV-SCS-S4R</THEMK><INSTA/><MNUMM/><MYEAR>0000</MYEAR></ATTRIBUTES><TEXT>SAP Readiness Check for SAP S/4HANA &amp; SAP Signavio Process Insights, Discovery E</TEXT></item><item><NUMBER>0002761703</NUMBER><VERSION>0003</VERSION><ATTRIBUTES><THEMK>CA-TRS-PRCK</THEMK><INSTA/><MNUMM/><MYEAR>0000</MYEAR></ATTRIBUTES><TEXT>SAP S/4HANA 1909 SP* Conversion &amp; Upgrade - TCI Note #8</TEXT></item><item><NUMBER>0002822843</NUMBER><VERSION>0007</VERSION><ATTRIBUTES><THEMK>CA-FLE-MAT-CNV</THEMK><INSTA/><MNUMM/><MYEAR>0000</MYEAR></ATTRIBUTES><TEXT>S4TC Correction for 2761703 : MFLE Precheck corrections</TEXT></item><item><NUMBER>0002830049</NUMBER><VERSION>0003</VERSION><ATTRIBUTES><THEMK>CA-FLE-MAT-CNV</THEMK><INSTA/><MNUMM/><MYEAR>0000</MYEAR></ATTRIBUTES><TEXT>S4TC Correction for 2761703 : MFLE Precheck corrections</TEXT></item><item><NUMBER>0002862067</NUMBER><VERSION>0004</VERSION><ATTRIBUTES><THEMK>CA-FLE-MAT-CNV</THEMK><INSTA/><MNUMM/><MYEAR>0000</MYEAR></ATTRIBUTES><TEXT>SAP Note 2830049 is not specific to MPN cases</TEXT></item><item><NUMBER>0002869143</NUMBER><VERSION>0014</VERSION><ATTRIBUTES><THEMK>BC-UPG-NA</THEMK><INSTA/><MNUMM/><MYEAR>0000</MYEAR></ATTRIBUTES><TEXT>Composite note for handling of Digitally Signed SAP Notes in Note Assistant (SNO</TEXT></item><item><NUMBER>0002903677</NUMBER><VERSION>0034</VERSION><ATTRIBUTES><THEMK>CA-TRS-PRCK</THEMK><INSTA/><MNUMM/><MYEAR>0000</MYEAR></ATTRIBUTES><TEXT>SAP Readiness Check: Effort Drivers of Simplification Items Check</TEXT></item><item><NUMBER>0002909538</NUMBER><VERSION>0010</VERSION><ATTRIBUTES><THEMK>SV-SMG-DVM</THEMK><INSTA/><MNUMM/><MYEAR>0000</MYEAR></ATTRIBUTES><TEXT>Financial Data Quality:  Trigger FDQ Data Collection - DDIC Objects</TEXT></item><item><NUMBER>0002910131</NUMBER><VERSION>0004</VERSION><ATTRIBUTES><THEMK>CA-TRS-PRCK</THEMK><INSTA/><MNUMM/><MYEAR>0000</MYEAR></ATTRIBUTES><TEXT>SAP S/4HANA 2020 until FPS02 Conversion &amp; Upgrade - TCI Note #9</TEXT></item><item><NUMBER>0002962981</NUMBER><VERSION>0004</VERSION><ATTRIBUTES><THEMK>GRC-ACP</THEMK><INSTA/><MNUMM/><MYEAR>0000</MYEAR></ATTRIBUTES><TEXT>Uninstallation Plug-In Class for GRC ERP Plug-In Software Component GRCPIERP V11</TEXT></item><item><NUMBER>0002972792</NUMBER><VERSION>0080</VERSION><ATTRIBUTES><THEMK>SV-SCS-S4R</THEMK><INSTA/><MNUMM/><MYEAR>0000</MYEAR></ATTRIBUTES><TEXT>Financial Data Quality: Trigger Data Collection Reports to Check Your Financial</TEXT></item><item><NUMBER>0002994093</NUMBER><VERSION>0002</VERSION><ATTRIBUTES><THEMK>CA-FLE-MAT-CNV</THEMK><INSTA/><MNUMM/><MYEAR>0000</MYEAR></ATTRIBUTES><TEXT>S4TC Correction for 2910131: MFLE Precheck corrections</TEXT></item><item><NUMBER>0003016862</NUMBER><VERSION>0080</VERSION><ATTRIBUTES><THEMK>CA-LT-NAT</THEMK><INSTA/><MNUMM/><MYEAR>0000</MYEAR></ATTRIBUTES><TEXT>DMIS Note Analyzers with separated scenarios for ABAP-based Migration and Replic</TEXT></item><item><NUMBER>0003093855</NUMBER><VERSION>0001</VERSION><ATTRIBUTES><THEMK>BC-UPG-NA</THEMK><INSTA/><MNUMM/><MYEAR>0000</MYEAR></ATTRIBUTES><TEXT>Note Assistant: Important SAP Notes for the Revamped Note Assistant</TEXT></item><item><NUMBER>0003112362</NUMBER><VERSION>0027</VERSION><ATTRIBUTES><THEMK>SV-SCS-S4R</THEMK><INSTA/><MNUMM/><MYEAR>0000</MYEAR></ATTRIBUTES><TEXT>SAP Readiness Check for SAP ERP Usage and Data Profiling</TEXT></item><item><NUMBER>0003143951</NUMBER><VERSION>0004</VERSION><ATTRIBUTES><THEMK>CA-TRS-PRCK</THEMK><INSTA/><MNUMM/><MYEAR>0000</MYEAR></ATTRIBUTES><TEXT>SAP S/4HANA 2022 Conversion &amp; Upgrade checks - TCI Note #11</TEXT></item><item><NUMBER>0003275056</NUMBER><VERSION>0017</VERSION><ATTRIBUTES><THEMK>SV-SCS-S4R</THEMK><INSTA/><MNUMM/><MYEAR>0000</MYEAR></ATTRIBUTES><TEXT>SAP Readiness Check for SAP ERP Usage and Data Profiling: Initial Data Migration</TEXT></item><item><NUMBER>0003281776</NUMBER><VERSION>0058</VERSION><ATTRIBUTES><THEMK>SV-SMG-DIA</THEMK><INSTA/><MNUMM/><MYEAR>0000</MYEAR></ATTRIBUTES><TEXT>Job &amp; Automation Monitoring: ST-PI 740 SP21+ fixes for on-premise jobs (ABAP job</TEXT></item><item><NUMBER>0003304656</NUMBER><VERSION>0002</VERSION><ATTRIBUTES><THEMK>CA-TRS-PRCK</THEMK><INSTA/><MNUMM/><MYEAR>0000</MYEAR></ATTRIBUTES><TEXT>SAP S/4HANA 2023 Conversion &amp; Upgrade checks - TCI Note #12</TEXT></item><item><NUMBER>0003312428</NUMBER><VERSION>0016</VERSION><ATTRIBUTES><THEMK>SV-CLM-OP-IM</THEMK><INSTA/><MNUMM/><MYEAR>0000</MYEAR></ATTRIBUTES><TEXT>Collective corrections for S4HANA implementation for Integration Monitoring in</TEXT></item><item><NUMBER>0003394900</NUMBER><VERSION>0003</VERSION><ATTRIBUTES><THEMK>LOD-EC-GCP-PY-EDR</THEMK><INSTA/><MNUMM/><MYEAR>0000</MYEAR></ATTRIBUTES><TEXT>S4TWL – Delivery of check class CLS4SIC_HR_ECPAYROLL_BADI for Simplification Ite</TEXT></item><item><NUMBER>0003425282</NUMBER><VERSION>0014</VERSION><ATTRIBUTES><THEMK>SV-CLM-IMP-FTR</THEMK><INSTA/><MNUMM/><MYEAR>0000</MYEAR></ATTRIBUTES><TEXT>SAP Cloud ALM - CDM: Master Note</TEXT></item><item><NUMBER>0003442955</NUMBER><VERSION>0003</VERSION><ATTRIBUTES><THEMK>CA-LT-SLT</THEMK><INSTA/><MNUMM/><MYEAR>0000</MYEAR></ATTRIBUTES><TEXT>SLT/NZDT - Generated table types not removed in source after deletion of generat</TEXT></item><item><NUMBER>0003474248</NUMBER><VERSION>0002</VERSION><ATTRIBUTES><THEMK>CA-BDT-ABA</THEMK><INSTA/><MNUMM/><MYEAR>0000</MYEAR></ATTRIBUTES><TEXT>Business Transformation Center: TCI with ST-PI 740 SP28 Collective Changes (1)</TEXT></item><item><NUMBER>0003483454</NUMBER><VERSION>0001</VERSION><ATTRIBUTES><THEMK>CA-LT-MIG</THEMK><INSTA/><MNUMM/><MYEAR>0000</MYEAR></ATTRIBUTES><TEXT>SLT - ACS generation fails for complex object with reading type 1 and FOR ALL EN</TEXT></item><item><NUMBER>0003508054</NUMBER><VERSION>0001</VERSION><ATTRIBUTES><THEMK>CA-LT-SLT</THEMK><INSTA/><MNUMM/><MYEAR>0000</MYEAR></ATTRIBUTES><TEXT>SLT - Expert Function to View Trigger Source Code fails</TEXT></item><item><NUMBER>0003511932</NUMBER><VERSION>0002</VERSION><ATTRIBUTES><THEMK>BC-UPG-DVF</THEMK><INSTA/><MNUMM/><MYEAR>0000</MYEAR></ATTRIBUTES><TEXT>DTV Tool 1.5 Delivery</TEXT></item><item><NUMBER>0003520852</NUMBER><VERSION>0002</VERSION><ATTRIBUTES><THEMK>SV-CLM-IMP-FTR</THEMK><INSTA/><MNUMM/><MYEAR>0000</MYEAR></ATTRIBUTES><TEXT>SAP Cloud ALM: Dump TSV_TNEW_PAGE_ALLOC_FAILED during /SDF/CALM_CDM_IMPORT_TRANS</TEXT></item><item><NUMBER>0003548580</NUMBER><VERSION>0001</VERSION><ATTRIBUTES><THEMK>CA-BDT-ABA</THEMK><INSTA/><MNUMM/><MYEAR>0000</MYEAR></ATTRIBUTES><TEXT>Business Transformation Center: TCI with ST-PI 740 SP29 Collective Changes</TEXT></item></IMPLEMENTED_NOTE></asx:values></asx:abap>