<?xml version="1.0" encoding="utf-8"?>
<RC_UDP_ORG_PROFILE><collector><CHECK_ID>CHECK00040</CHECK_ID><TITLE>CHECK00040 - Sales Organizations</TITLE><CHECK_START>20250213091103 </CHECK_START><CHECK_END>20250213091103 </CHECK_END><ACH>SD-BF-ACT</ACH><CHECK_STATUS>OK</CHECK_STATUS><INFO_MSG>Data collector successfully executed.</INFO_MSG><KPI/><TAB xmlns:asx="http://www.sap.com/abapxml"><item><VKORG>0001</VKORG><VTEXT>Sales Org. 001</VTEXT><BUKRS>0001</BUKRS><BUTXT>SAP A.G.</BUTXT><LAND1>DE</LAND1><ORT01>Walldorf</ORT01></item><item><VKORG>1000</VKORG><VTEXT>Sales Org 1000</VTEXT><BUKRS>1000</BUKRS><BUTXT>Company 1000, Inc</BUTXT><LAND1>US</LAND1><ORT01>Palo Alto</ORT01></item><item><VKORG>2000</VKORG><VTEXT>Sales Org 2000</VTEXT><BUKRS>2000</BUKRS><BUTXT>Company 2000, Inc</BUTXT><LAND1>US</LAND1><ORT01>Atlanta</ORT01></item></TAB></collector><collector><CHECK_ID>CHECK00180</CHECK_ID><TITLE>CHECK00180 - Company Codes - Organizational Assignment</TITLE><CHECK_START>20250213091104 </CHECK_START><CHECK_END>20250213091104 </CHECK_END><ACH>FI</ACH><CHECK_STATUS>OK</CHECK_STATUS><INFO_MSG>Data collector successfully executed.</INFO_MSG><KPI><item><KPI_ID>KPI_1</KPI_ID><KPI_VALUE1>61</KPI_VALUE1><KPI_VALUE2/><KPI_VALUE3/></item><item><KPI_ID>KPI_2</KPI_ID><KPI_VALUE1>4</KPI_VALUE1><KPI_VALUE2/><KPI_VALUE3/></item><item><KPI_ID>KPI_3</KPI_ID><KPI_VALUE1>3</KPI_VALUE1><KPI_VALUE2/><KPI_VALUE3/></item></KPI><TAB xmlns:asx="http://www.sap.com/abapxml"><item><BUKRS>0001</BUKRS><BUTXT>SAP A.G.</BUTXT><ORT01>Walldorf</ORT01><LAND1>DE</LAND1><WAERS>EUR</WAERS><KTOPL>INT</KTOPL><KTOP2/><PERIV>K4</PERIV><RCOMP/><FIKRS/><KKBER>0001</KKBER></item><item><BUKRS>0MB1</BUKRS><BUTXT>IS-B Musterbank Deutschl.</BUTXT><ORT01>Walldorf</ORT01><LAND1>DE</LAND1><WAERS>EUR</WAERS><KTOPL>0MB1</KTOPL><KTOP2/><PERIV>K4</PERIV><RCOMP/><FIKRS/><KKBER/></item><item><BUKRS>1000</BUKRS><BUTXT>Company 1000, Inc</BUTXT><ORT01>Palo Alto</ORT01><LAND1>US</LAND1><WAERS>USD</WAERS><KTOPL>0010</KTOPL><KTOP2/><PERIV>K4</PERIV><RCOMP>100000</RCOMP><FIKRS/><KKBER>1000</KKBER></item><item><BUKRS>1010</BUKRS><BUTXT>Company 1010, Inc</BUTXT><ORT01>Palo Alto</ORT01><LAND1>US</LAND1><WAERS>USD</WAERS><KTOPL>0010</KTOPL><KTOP2/><PERIV>K4</PERIV><RCOMP>100000</RCOMP><FIKRS/><KKBER>1000</KKBER></item><item><BUKRS>1020</BUKRS><BUTXT>Company 1020, Inc</BUTXT><ORT01>Orlando</ORT01><LAND1>US</LAND1><WAERS>USD</WAERS><KTOPL>0010</KTOPL><KTOP2/><PERIV>K4</PERIV><RCOMP>200000</RCOMP><FIKRS/><KKBER>1000</KKBER></item><item><BUKRS>2000</BUKRS><BUTXT>Company 2000, Inc</BUTXT><ORT01>Atlanta</ORT01><LAND1>US</LAND1><WAERS>USD</WAERS><KTOPL>0010</KTOPL><KTOP2/><PERIV>K4</PERIV><RCOMP>200000</RCOMP><FIKRS/><KKBER>1000</KKBER></item><item><BUKRS>3000</BUKRS><BUTXT>FIORI US</BUTXT><ORT01>U.S.A.</ORT01><LAND1>US</LAND1><WAERS>USD</WAERS><KTOPL>CANA</KTOPL><KTOP2/><PERIV>K4</PERIV><RCOMP/><FIKRS/><KKBER/></item><item><BUKRS>AR01</BUKRS><BUTXT>Country Template AR</BUTXT><ORT01>Argentinien</ORT01><LAND1>AR</LAND1><WAERS>ARS</WAERS><KTOPL>INT</KTOPL><KTOP2/><PERIV>K4</PERIV><RCOMP/><FIKRS/><KKBER/></item><item><BUKRS>ARG1</BUKRS><BUTXT>Country Template AR</BUTXT><ORT01>Argentinien</ORT01><LAND1>AR</LAND1><WAERS>ARS</WAERS><KTOPL>INT</KTOPL><KTOP2/><PERIV>K4</PERIV><RCOMP/><FIKRS/><KKBER/></item><item><BUKRS>AT01</BUKRS><BUTXT>Country Template AT</BUTXT><ORT01>Austria</ORT01><LAND1>AT</LAND1><WAERS>EUR</WAERS><KTOPL>INT</KTOPL><KTOP2/><PERIV>K4</PERIV><RCOMP/><FIKRS/><KKBER/></item><item><BUKRS>AU01</BUKRS><BUTXT>Country Template AU</BUTXT><ORT01>Australia</ORT01><LAND1>AU</LAND1><WAERS>AUD</WAERS><KTOPL>INT</KTOPL><KTOP2/><PERIV>V6</PERIV><RCOMP/><FIKRS/><KKBER/></item><item><BUKRS>BE01</BUKRS><BUTXT>Country Template BE</BUTXT><ORT01>Belgium</ORT01><LAND1>BE</LAND1><WAERS>EUR</WAERS><KTOPL>CABE</KTOPL><KTOP2/><PERIV>K4</PERIV><RCOMP/><FIKRS/><KKBER>0001</KKBER></item><item><BUKRS>BR01</BUKRS><BUTXT>Country Template BR</BUTXT><ORT01>Brazil</ORT01><LAND1>BR</LAND1><WAERS>BRL</WAERS><KTOPL>INT</KTOPL><KTOP2/><PERIV>K4</PERIV><RCOMP/><FIKRS/><KKBER/></item><item><BUKRS>CA01</BUKRS><BUTXT>Country Template CA</BUTXT><ORT01>Canada</ORT01><LAND1>CA</LAND1><WAERS>CAD</WAERS><KTOPL>CANA</KTOPL><KTOP2/><PERIV>K4</PERIV><RCOMP/><FIKRS/><KKBER/></item><item><BUKRS>CH01</BUKRS><BUTXT>Country Template CH</BUTXT><ORT01>Switzerland</ORT01><LAND1>CH</LAND1><WAERS>CHF</WAERS><KTOPL>CACH</KTOPL><KTOP2/><PERIV>K4</PERIV><RCOMP/><FIKRS/><KKBER/></item><item><BUKRS>CL01</BUKRS><BUTXT>Country Template CL</BUTXT><ORT01>Chile</ORT01><LAND1>CL</LAND1><WAERS>CLP</WAERS><KTOPL>INT</KTOPL><KTOP2/><PERIV>K4</PERIV><RCOMP/><FIKRS/><KKBER/></item><item><BUKRS>CN01</BUKRS><BUTXT>Country Template CN</BUTXT><ORT01>China</ORT01><LAND1>CN</LAND1><WAERS>CNY</WAERS><KTOPL>CACN</KTOPL><KTOP2/><PERIV>K4</PERIV><RCOMP/><FIKRS/><KKBER>0001</KKBER></item><item><BUKRS>CO01</BUKRS><BUTXT>Country Template CO</BUTXT><ORT01>Colombia</ORT01><LAND1>CO</LAND1><WAERS>COP</WAERS><KTOPL>CACO</KTOPL><KTOP2/><PERIV>K4</PERIV><RCOMP/><FIKRS/><KKBER/></item><item><BUKRS>COPY</BUKRS><BUTXT>Copy from CC.0001</BUTXT><ORT01>(Only G/L accounts B-seg)</ORT01><LAND1>DE</LAND1><WAERS>EUR</WAERS><KTOPL>INT</KTOPL><KTOP2/><PERIV>K4</PERIV><RCOMP/><FIKRS/><KKBER/></item><item><BUKRS>CZ01</BUKRS><BUTXT>Country Template CZ</BUTXT><ORT01>Czech Republic</ORT01><LAND1>CZ</LAND1><WAERS>CZK</WAERS><KTOPL>CACZ</KTOPL><KTOP2/><PERIV>K4</PERIV><RCOMP/><FIKRS/><KKBER/></item><item><BUKRS>DE01</BUKRS><BUTXT>Country Template DE</BUTXT><ORT01>Germany</ORT01><LAND1>DE</LAND1><WAERS>EUR</WAERS><KTOPL>GKR</KTOPL><KTOP2/><PERIV>K4</PERIV><RCOMP/><FIKRS/><KKBER/></item><item><BUKRS>DE02</BUKRS><BUTXT>Country Template DE</BUTXT><ORT01>Germany</ORT01><LAND1>DE</LAND1><WAERS>EUR</WAERS><KTOPL>IKR</KTOPL><KTOP2/><PERIV>K4</PERIV><RCOMP/><FIKRS/><KKBER/></item><item><BUKRS>DK01</BUKRS><BUTXT>Country Template DK</BUTXT><ORT01>Denmark</ORT01><LAND1>DK</LAND1><WAERS>DKK</WAERS><KTOPL>INT</KTOPL><KTOP2/><PERIV>K4</PERIV><RCOMP/><FIKRS/><KKBER/></item><item><BUKRS>ES01</BUKRS><BUTXT>Country Template ES</BUTXT><ORT01>Spain</ORT01><LAND1>ES</LAND1><WAERS>EUR</WAERS><KTOPL>CAES</KTOPL><KTOP2/><PERIV>K4</PERIV><RCOMP/><FIKRS/><KKBER>0001</KKBER></item><item><BUKRS>FI01</BUKRS><BUTXT>Country Template FI</BUTXT><ORT01>Finland</ORT01><LAND1>FI</LAND1><WAERS>EUR</WAERS><KTOPL>CAFI</KTOPL><KTOP2/><PERIV>K4</PERIV><RCOMP/><FIKRS/><KKBER/></item><item><BUKRS>FR01</BUKRS><BUTXT>Country Template FR</BUTXT><ORT01>France</ORT01><LAND1>FR</LAND1><WAERS>EUR</WAERS><KTOPL>CAFR</KTOPL><KTOP2/><PERIV>K4</PERIV><RCOMP/><FIKRS/><KKBER>0001</KKBER></item><item><BUKRS>GB01</BUKRS><BUTXT>Country Template GB</BUTXT><ORT01>Great Britain</ORT01><LAND1>GB</LAND1><WAERS>GBP</WAERS><KTOPL>INT</KTOPL><KTOP2/><PERIV>K4</PERIV><RCOMP/><FIKRS/><KKBER/></item><item><BUKRS>HK01</BUKRS><BUTXT>Country Template HK</BUTXT><ORT01>Hong Kong</ORT01><LAND1>HK</LAND1><WAERS>HKD</WAERS><KTOPL>INT</KTOPL><KTOP2/><PERIV>K4</PERIV><RCOMP/><FIKRS/><KKBER/></item><item><BUKRS>HU01</BUKRS><BUTXT>Country Template HU</BUTXT><ORT01>Hungary</ORT01><LAND1>HU</LAND1><WAERS>HUF</WAERS><KTOPL>CAHU</KTOPL><KTOP2/><PERIV>K4</PERIV><RCOMP/><FIKRS/><KKBER/></item><item><BUKRS>ID01</BUKRS><BUTXT>Country Template ID</BUTXT><ORT01>Jakarta</ORT01><LAND1>ID</LAND1><WAERS>IDR</WAERS><KTOPL>INT</KTOPL><KTOP2/><PERIV>K4</PERIV><RCOMP/><FIKRS/><KKBER/></item><item><BUKRS>IE01</BUKRS><BUTXT>Country Template IE</BUTXT><ORT01>Ireland</ORT01><LAND1>IE</LAND1><WAERS>EUR</WAERS><KTOPL>INT</KTOPL><KTOP2/><PERIV>K4</PERIV><RCOMP/><FIKRS/><KKBER/></item><item><BUKRS>IN01</BUKRS><BUTXT>India Model Company, IN</BUTXT><ORT01>Bangalore</ORT01><LAND1>IN</LAND1><WAERS>INR</WAERS><KTOPL>CAIN</KTOPL><KTOP2/><PERIV>V3</PERIV><RCOMP/><FIKRS/><KKBER/></item><item><BUKRS>IT01</BUKRS><BUTXT>Country Template IT</BUTXT><ORT01>Italy</ORT01><LAND1>IT</LAND1><WAERS>EUR</WAERS><KTOPL>INT</KTOPL><KTOP2/><PERIV>K4</PERIV><RCOMP/><FIKRS/><KKBER/></item><item><BUKRS>JP01</BUKRS><BUTXT>Country Template JP</BUTXT><ORT01>Japan</ORT01><LAND1>JP</LAND1><WAERS>JPY</WAERS><KTOPL>CAJP</KTOPL><KTOP2/><PERIV>V3</PERIV><RCOMP/><FIKRS/><KKBER>0001</KKBER></item><item><BUKRS>KR01</BUKRS><BUTXT>Country Template KR</BUTXT><ORT01>Seoul</ORT01><LAND1>KR</LAND1><WAERS>KRW</WAERS><KTOPL>CAKR</KTOPL><KTOP2/><PERIV>K4</PERIV><RCOMP/><FIKRS/><KKBER>0001</KKBER></item><item><BUKRS>KZ01</BUKRS><BUTXT>Country Template KZ</BUTXT><ORT01>Astana</ORT01><LAND1>KZ</LAND1><WAERS>KZT</WAERS><KTOPL>CAKZ</KTOPL><KTOP2/><PERIV>K4</PERIV><RCOMP/><FIKRS/><KKBER>0001</KKBER></item><item><BUKRS>LU01</BUKRS><BUTXT>Country Template LU</BUTXT><ORT01>Luxembourg</ORT01><LAND1>LU</LAND1><WAERS>EUR</WAERS><KTOPL>CABE</KTOPL><KTOP2/><PERIV>K4</PERIV><RCOMP/><FIKRS/><KKBER>0001</KKBER></item><item><BUKRS>MX01</BUKRS><BUTXT>Country Template MX</BUTXT><ORT01>Mexico</ORT01><LAND1>MX</LAND1><WAERS>MXN</WAERS><KTOPL>INT</KTOPL><KTOP2/><PERIV>K4</PERIV><RCOMP/><FIKRS/><KKBER/></item><item><BUKRS>MX03</BUKRS><BUTXT>Country Template MX</BUTXT><ORT01>Mexico</ORT01><LAND1>MX</LAND1><WAERS>MXN</WAERS><KTOPL/><KTOP2/><PERIV/><RCOMP/><FIKRS/><KKBER/></item><item><BUKRS>MY01</BUKRS><BUTXT>Country Template MY</BUTXT><ORT01>Kuala Lumpur</ORT01><LAND1>MY</LAND1><WAERS>MYR</WAERS><KTOPL>INT</KTOPL><KTOP2/><PERIV>K4</PERIV><RCOMP/><FIKRS/><KKBER/></item><item><BUKRS>NL01</BUKRS><BUTXT>Country Template NL</BUTXT><ORT01>The Netherlands</ORT01><LAND1>NL</LAND1><WAERS>EUR</WAERS><KTOPL>INT</KTOPL><KTOP2/><PERIV>K4</PERIV><RCOMP/><FIKRS/><KKBER/></item><item><BUKRS>NO01</BUKRS><BUTXT>Country Template NO</BUTXT><ORT01>Norway</ORT01><LAND1>NO</LAND1><WAERS>NOK</WAERS><KTOPL>CANO</KTOPL><KTOP2/><PERIV>K4</PERIV><RCOMP/><FIKRS/><KKBER/></item><item><BUKRS>NZ01</BUKRS><BUTXT>Country Template NZ</BUTXT><ORT01>New Zealand</ORT01><LAND1>NZ</LAND1><WAERS>NZD</WAERS><KTOPL>INT</KTOPL><KTOP2/><PERIV>K4</PERIV><RCOMP/><FIKRS/><KKBER>0001</KKBER></item><item><BUKRS>PE01</BUKRS><BUTXT>Country Template PE</BUTXT><ORT01>Perú</ORT01><LAND1>PE</LAND1><WAERS>PEN</WAERS><KTOPL>CAPE</KTOPL><KTOP2/><PERIV>K4</PERIV><RCOMP/><FIKRS/><KKBER/></item><item><BUKRS>PH01</BUKRS><BUTXT>Country Template PH</BUTXT><ORT01>Manila</ORT01><LAND1>PH</LAND1><WAERS>PHP</WAERS><KTOPL>INT</KTOPL><KTOP2/><PERIV>K4</PERIV><RCOMP/><FIKRS/><KKBER/></item><item><BUKRS>PL01</BUKRS><BUTXT>Country Template PL</BUTXT><ORT01>Poland</ORT01><LAND1>PL</LAND1><WAERS>PLN</WAERS><KTOPL>CAPL</KTOPL><KTOP2/><PERIV>K4</PERIV><RCOMP/><FIKRS/><KKBER/></item><item><BUKRS>PT01</BUKRS><BUTXT>Country Template PT</BUTXT><ORT01>Portugal</ORT01><LAND1>PT</LAND1><WAERS>EUR</WAERS><KTOPL>CAPT</KTOPL><KTOP2/><PERIV>K4</PERIV><RCOMP/><FIKRS/><KKBER>0001</KKBER></item><item><BUKRS>RECO</BUKRS><BUTXT>Sondereigentum (WEG)</BUTXT><ORT01>Walldorf</ORT01><LAND1>DE</LAND1><WAERS>EUR</WAERS><KTOPL>INT</KTOPL><KTOP2/><PERIV>K4</PERIV><RCOMP/><FIKRS/><KKBER>0001</KKBER></item><item><BUKRS>REOB</BUKRS><BUTXT>Referenz Objektmandate</BUTXT><ORT01>Walldorf</ORT01><LAND1>DE</LAND1><WAERS>EUR</WAERS><KTOPL>INT</KTOPL><KTOP2/><PERIV>K4</PERIV><RCOMP/><FIKRS/><KKBER>0001</KKBER></item><item><BUKRS>RERF</BUKRS><BUTXT>WEG Referenzbuchungskreis</BUTXT><ORT01>Walldorf</ORT01><LAND1>DE</LAND1><WAERS>EUR</WAERS><KTOPL>WEG</KTOPL><KTOP2/><PERIV>K4</PERIV><RCOMP/><FIKRS/><KKBER>0001</KKBER></item><item><BUKRS>RU01</BUKRS><BUTXT>Country Template RU</BUTXT><ORT01>Russia</ORT01><LAND1>RU</LAND1><WAERS>RUB</WAERS><KTOPL>CARU</KTOPL><KTOP2/><PERIV>K4</PERIV><RCOMP/><FIKRS/><KKBER/></item><item><BUKRS>SE01</BUKRS><BUTXT>Country Template SE</BUTXT><ORT01>Sweden</ORT01><LAND1>SE</LAND1><WAERS>SEK</WAERS><KTOPL>CASE</KTOPL><KTOP2/><PERIV>K4</PERIV><RCOMP/><FIKRS/><KKBER/></item><item><BUKRS>SG01</BUKRS><BUTXT>SAP Asia</BUTXT><ORT01>Singapore</ORT01><LAND1>SG</LAND1><WAERS>SGD</WAERS><KTOPL>INT</KTOPL><KTOP2/><PERIV>K4</PERIV><RCOMP/><FIKRS/><KKBER>0001</KKBER></item><item><BUKRS>SK01</BUKRS><BUTXT>Country Template SK</BUTXT><ORT01>Slovak Republic</ORT01><LAND1>SK</LAND1><WAERS>SKK</WAERS><KTOPL>CASK</KTOPL><KTOP2/><PERIV>K4</PERIV><RCOMP/><FIKRS/><KKBER/></item><item><BUKRS>TH01</BUKRS><BUTXT>Country Template TH</BUTXT><ORT01>Bangkok</ORT01><LAND1>TH</LAND1><WAERS>THB</WAERS><KTOPL>INT</KTOPL><KTOP2/><PERIV>K4</PERIV><RCOMP/><FIKRS/><KKBER/></item><item><BUKRS>TR01</BUKRS><BUTXT>Country Template TR</BUTXT><ORT01>Turkey</ORT01><LAND1>TR</LAND1><WAERS>TRL</WAERS><KTOPL>CATR</KTOPL><KTOP2/><PERIV>K4</PERIV><RCOMP/><FIKRS/><KKBER/></item><item><BUKRS>TW01</BUKRS><BUTXT>Country Template TW</BUTXT><ORT01>Taipei</ORT01><LAND1>TW</LAND1><WAERS>TWD</WAERS><KTOPL>CATW</KTOPL><KTOP2/><PERIV>K4</PERIV><RCOMP/><FIKRS/><KKBER>0001</KKBER></item><item><BUKRS>UA01</BUKRS><BUTXT>Country Template UA</BUTXT><ORT01>Ukraine</ORT01><LAND1>UA</LAND1><WAERS>UAH</WAERS><KTOPL>CAUA</KTOPL><KTOP2/><PERIV>K4</PERIV><RCOMP/><FIKRS/><KKBER/></item><item><BUKRS>US01</BUKRS><BUTXT>Country Template US</BUTXT><ORT01>U.S.A.</ORT01><LAND1>US</LAND1><WAERS>USD</WAERS><KTOPL>CANA</KTOPL><KTOP2/><PERIV>K4</PERIV><RCOMP/><FIKRS/><KKBER/></item><item><BUKRS>VE01</BUKRS><BUTXT>Country Template VE</BUTXT><ORT01>Venezuela</ORT01><LAND1>VE</LAND1><WAERS>VEB</WAERS><KTOPL>INT</KTOPL><KTOP2/><PERIV>K4</PERIV><RCOMP/><FIKRS/><KKBER/></item><item><BUKRS>ZA01</BUKRS><BUTXT>Country Template ZA</BUTXT><ORT01>South Africa</ORT01><LAND1>ZA</LAND1><WAERS>ZAR</WAERS><KTOPL>INT</KTOPL><KTOP2/><PERIV>K4</PERIV><RCOMP/><FIKRS>0001</FIKRS><KKBER>0001</KKBER></item></TAB></collector></RC_UDP_ORG_PROFILE>