<?xml version="1.0" encoding="utf-8"?><asx:abap version="1.0" xmlns:asx="http://www.sap.com/abapxml"><asx:values><HEADER_DATA><item><KEY>UsageSystem</KEY><VALUE>DF1</VALUE></item><item><KEY>UsageSystemClient</KEY><VALUE>300</VALUE></item><item><KEY>AnalysisDataTimestamp</KEY><VALUE>20250213091110 </VALUE></item><item><KEY>ExtractingProgram</KEY><VALUE>RC_UDP_COLLECT_ANALYSIS_DATA</VALUE></item><item><KEY>ANALYSIS_START</KEY><VALUE>20250213 / 101103</VALUE></item><item><KEY>ANALYSIS_END</KEY><VALUE>20250213 / 101110</VALUE></item><item><KEY>USER</KEY><VALUE>D034260</VALUE></item><item><KEY>LANGUAGE</KEY><VALUE>E</VALUE></item></HEADER_DATA></asx:values></asx:abap>